{"cameraMode":{"drawMode":0,"name":"Shaded","section":"Shading Mode"},"sceneLighting":true,"audioPlay":false,"sceneViewState":{"m_AlwaysRefresh":false,"showFog":true,"showSkybox":true,"showFlares":true,"showImageEffects":true,"showParticleSystems":true,"showVisualEffectGraphs":true,"m_FxEnabled":true},"in2DMode":false,"pivot":{"x":-0.3700000047683716,"y":9.539999961853028,"z":-31.280000686645509},"rotation":{"x":0.4307400584220886,"y":-0.49519550800323489,"z":0.31012049317359927,"w":0.6878076195716858},"size":7.586129188537598,"orthographic":true}